Workbook
Name finishdate: Sheet1!$G$2
Name Startdate: Sheet1!$F$2

Sheet Sheet1
C1: Task | D1: No of Men | E1: No Of Days | F1: Start Date | G1: Finish date
C2: Dates | F2: 46266 | G2: 46346
C3: Cable delivery 1 | E3: 1 | F3: 46296 | G3: =WORKDAY(F3,E3-1,0) -> 46296
C4: Cable delivery 2 | E4: 1 | F4: 46297 | G4: =WORKDAY(F4,E4-1,0) -> 46297
C5: Cable delivery 3 | E5: 1 | F5: 46310 | G5: =WORKDAY(F5,E5-1,0) -> 46310
C6: Cable delivery 4 | E6: 1 | F6: 46311 | G6: =WORKDAY(F6,E6-1,0) -> 46311
C8: Initial Works | E8: 28 | F8: 46296 | G8: =WORKDAY(F8,E8-1,0) -> 46335
C9: Manufacturing & installation of containment | D9: 6 | E9: 23 | F9: =Startdate -> 46266 | G9: =WORKDAY(F9,E9-1,0) -> 46296
C10: Moving of Existing whips | D10: 8 | E10: 20 | F10: =Startdate -> 46266 | G10: =WORKDAY(F10,E10-1,0) -> 46293
C11: Delivery 1 Reciving of Whip cables transporting to Electrical rooms | D11: 4 | E11: 1 | F11: =F3 -> 46296 | G11: 46311
C12: Delivery 2 Reciving of Whip cables transporting to Electrical rooms | E12: 1 | F12: =F11 -> 46296 | G12: 46311
C13: Delivery 3 Reciving of Whip cables transporting to Electrical rooms | E13: 1 | F13: =F11 -> 46296 | G13: 46311
C14: Delivery 4 Reciving of Whip cables transporting to Electrical rooms | E14: 1 | F14: =F11 -> 46296 | G14: 46311
C16: Delivery 1 Temp. Labeling of Whip cables | E16: 5 | F16: =F11 -> 46296 | G16: =WORKDAY(F16,E16-1,0) -> 46302
C17: Delivery 2 Temp. Labeling of Whip cables | E17: 5 | F17: =F11 -> 46296 | G17: =WORKDAY(F17,E17-1,0) -> 46302
C18: Delivery 3 Temp. Labeling of Whip cables | E18: 5 | F18: =F11 -> 46296 | G18: =WORKDAY(F18,E18-1,0) -> 46302
C19: Delivery 4 Temp. Labeling of Whip cables | E19: 5 | F19: =F11 -> 46296 | G19: =WORKDAY(F19,E19-1,0) -> 46302
C21: Phases
C22: Phase 1 | D22: 24 | F22: =F57 -> 46296 | G22: =G84 -> 46309
C23: Phase 2 | D23: 24 | F23: =F93 -> 46310 | G23: =G120 -> 46323
C24: Phase 3 | D24: 24 | F24: =F129 -> 46324 | G24: =G156 -> 46337
C25: Phase 4 | D25: 12 | F25: =F165 -> 46338 | G25: =G183 -> 46346
C27: DH 1-1
A28: =+_xlfn.CONCAT("DH ",#REF!," - Panel ",#REF!) -> #REF! | B28: =+_xlfn.CONCAT("DH ",#REF!," - Panel ",#REF!) -> #REF! | C28: DH 1_1 - Panel 7 | E28: =G28-F28 -> 11 | F28: =F3 -> 46296 | G28: =G57 -> 46307 | J28: 46297
A29: =+_xlfn.CONCAT("DH ",#REF!," - Panel ",#REF!) -> #REF! | B29: =+_xlfn.CONCAT("DH ",#REF!," - Panel ",#REF!) -> #REF! | C29: DH 1_1 - Panel 9 | E29: =G29-F29 -> 13 | F29: =F28 -> 46296 | G29: =G66 -> 46309 | J29: 46297
A30: =+_xlfn.CONCAT("DH ",#REF!," - Panel ",#REF!) -> #REF! | B30: =+_xlfn.CONCAT("DH ",#REF!," - Panel ",#REF!) -> #REF! | C30: DH 1_1 - Panel 15 | E30: =G30-F30 -> 11 | F30: =F28 -> 46296 | G30: =G75 -> 46307 | J30: 46310
A31: =+_xlfn.CONCAT("DH ",#REF!," - Panel ",#REF!) -> #REF! | B31: =+_xlfn.CONCAT("DH ",#REF!," - Panel ",#REF!) -> #REF! | C31: DH 1_1 - Panel 17 | E31: =G31-F31 -> 13 | F31: =F28 -> 46296 | G31: =G84 -> 46309 | J31: 46310
A32: =+_xlfn.CONCAT("DH ",#REF!," - Panel ",#REF!) -> #REF! | B32: =+_xlfn.CONCAT("DH ",#REF!," - Panel ",#REF!) -> #REF! | C32: DH 1_1 - Panel 19 | E32: =G32-F32 -> 8 | F32: =G31+1 -> 46310 | G32: =G93 -> 46318 | J32: 46324
A33: =+_xlfn.CONCAT("DH ",#REF!," - Panel ",#REF!) -> #REF! | B33: =+_xlfn.CONCAT("DH ",#REF!," - Panel ",#REF!) -> #REF! | C33: DH 1_1 - Panel 21 | E33: =G33-F33 -> 13 | F33: =F32 -> 46310 | G33: =G102 -> 46323 | J33: 46324
A34: =+_xlfn.CONCAT("DH ",#REF!," - Panel ",#REF!) -> #REF! | B34: =+_xlfn.CONCAT("DH ",#REF!," - Panel ",#REF!) -> #REF! | C34: DH 1_1 - Panel 23 | E34: =G34-F34 -> 8 | F34: =F32 -> 46310 | G34: =G111 -> 46318 | J34: 46338
A35: =+_xlfn.CONCAT("DH ",#REF!," - Panel ",#REF!) -> #REF! | B35: =+_xlfn.CONCAT("DH ",#REF!," - Panel ",#REF!) -> #REF! | C35: DH 1_1 - Panel 25 | E35: =G35-F35 -> 13 | F35: =F32 -> 46310 | G35: =G120 -> 46323 | J35: 46338
A36: =+_xlfn.CONCAT("DH ",#REF!," - Panel ",#REF!) -> #REF! | B36: =+_xlfn.CONCAT("DH ",#REF!," - Panel ",#REF!) -> #REF! | C36: DH 1_1 - Panel 27 | E36: =G36-F36 -> 8 | F36: =G35+1 -> 46324 | G36: =G129 -> 46332 | J36: 46352
A37: =+_xlfn.CONCAT("DH ",#REF!," - Panel ",#REF!) -> #REF! | B37: =+_xlfn.CONCAT("DH ",#REF!," - Panel ",#REF!) -> #REF! | C37: DH 1_1 - Panel 31 | E37: =G37-F37 -> 13 | F37: =F36 -> 46324 | G37: =G138 -> 46337 | J37: 46352
A38: =+_xlfn.CONCAT("DH ",#REF!," - Panel ",#REF!) -> #REF! | B38: =+_xlfn.CONCAT("DH ",#REF!," - Panel ",#REF!) -> #REF! | C38: DH 1_1 - Panel 33 | E38: =G38-F38 -> 8 | F38: =F36 -> 46324 | G38: =G147 -> 46332 | J38: 46366
A39: =+_xlfn.CONCAT("DH ",#REF!," - Panel ",#REF!) -> #REF! | B39: =+_xlfn.CONCAT("DH ",#REF!," - Panel ",#REF!) -> #REF! | C39: DH 1_1 - Panel 39 | E39: =G39-F39 -> 13 | F39: =F36 -> 46324 | G39: =G156 -> 46337 | J39: 46366
A40: =+_xlfn.CONCAT("DH ",#REF!," - Panel ",#REF!) -> #REF! | B40: =+_xlfn.CONCAT("DH ",#REF!," - Panel ",#REF!) -> #REF! | C40: DH 1_1 - Panel 41 | E40: =G40-F40 -> 8 | F40: =G39+1 -> 46338 | G40: =G165 -> 46346 | J40: 46380
A41: =+_xlfn.CONCAT("DH ",#REF!," - Panel ",#REF!) -> #REF! | B41: =+_xlfn.CONCAT("DH ",#REF!," - Panel ",#REF!) -> #REF! | C41: DH 1_1 - Panel 45 | E41: =G41-F41 -> 13 | F41: =F40 -> 46338 | G41: =G174 -> 46351 | J41: 46391
A42: =+_xlfn.CONCAT("DH ",#REF!," - Panel ",#REF!) -> #REF! | B42: =+_xlfn.CONCAT("DH ",#REF!," - Panel ",#REF!) -> #REF! | C42: DH 1_1 - Panel 47 | E42: =G42-F42 -> 8 | F42: =F40 -> 46338 | G42: =G183 -> 46346 | J42: 46391
C43: DH 2-2
A44: =+_xlfn.CONCAT("DH ",#REF!," - Panel ",#REF!) -> #REF! | B44: =+_xlfn.CONCAT("DH ",#REF!," - Panel ",#REF!) -> #REF! | C44: DH 2_2 - Panel 9 | E44: =G44-F44 -> 11 | F44: =F28 -> 46296 | G44: =G28 -> 46307 | J44: =J28 -> 46297
A45: =+_xlfn.CONCAT("DH ",#REF!," - Panel ",#REF!) -> #REF! | B45: =+_xlfn.CONCAT("DH ",#REF!," - Panel ",#REF!) -> #REF! | C45: DH 2_2 - Panel 17 | E45: =G45-F45 -> 13 | F45: =F29 -> 46296 | G45: =G29 -> 46309 | J45: =J29 -> 46297
A46: =+_xlfn.CONCAT("DH ",#REF!," - Panel ",#REF!) -> #REF! | B46: =+_xlfn.CONCAT("DH ",#REF!," - Panel ",#REF!) -> #REF! | C46: DH 2_2 - Panel 21 | E46: =G46-F46 -> 11 | F46: =F30 -> 46296 | G46: =G30 -> 46307 | J46: =J30 -> 46310
A47: =+_xlfn.CONCAT("DH ",#REF!," - Panel ",#REF!) -> #REF! | B47: =+_xlfn.CONCAT("DH ",#REF!," - Panel ",#REF!) -> #REF! | C47: DH 2_2 - Panel 23 | E47: =G47-F47 -> 13 | F47: =F31 -> 46296 | G47: =G31 -> 46309 | J47: =J31 -> 46310
A48: =+_xlfn.CONCAT("DH ",#REF!," - Panel ",#REF!) -> #REF! | B48: =+_xlfn.CONCAT("DH ",#REF!," - Panel ",#REF!) -> #REF! | C48: DH 2_2 - Panel 27 | E48: =G48-F48 -> 8 | F48: =F32 -> 46310 | G48: =G32 -> 46318 | J48: =J32 -> 46324
A49: =+_xlfn.CONCAT("DH ",#REF!," - Panel ",#REF!) -> #REF! | B49: =+_xlfn.CONCAT("DH ",#REF!," - Panel ",#REF!) -> #REF! | C49: DH 2_2 - Panel 31 | E49: =G49-F49 -> 13 | F49: =F33 -> 46310 | G49: =G33 -> 46323 | J49: =J33 -> 46324
A50: =+_xlfn.CONCAT("DH ",#REF!," - Panel ",#REF!) -> #REF! | B50: =+_xlfn.CONCAT("DH ",#REF!," - Panel ",#REF!) -> #REF! | C50: DH 2_2 - Panel 33 | E50: =G50-F50 -> 8 | F50: =F34 -> 46310 | G50: =G34 -> 46318 | J50: =J34 -> 46338
A51: =+_xlfn.CONCAT("DH ",#REF!," - Panel ",#REF!) -> #REF! | B51: =+_xlfn.CONCAT("DH ",#REF!," - Panel ",#REF!) -> #REF! | C51: DH 2_2 - Panel 35 | E51: =G51-F51 -> 13 | F51: =F35 -> 46310 | G51: =G35 -> 46323 | J51: =J35 -> 46338
A52: =+_xlfn.CONCAT("DH ",#REF!," - Panel ",#REF!) -> #REF! | B52: =+_xlfn.CONCAT("DH ",#REF!," - Panel ",#REF!) -> #REF! | C52: DH 2_2 - Panel 39 | E52: =G52-F52 -> 8 | F52: =F36 -> 46324 | G52: =G36 -> 46332 | J52: =J36 -> 46352
A53: =+_xlfn.CONCAT("DH ",#REF!," - Panel ",#REF!) -> #REF! | B53: =+_xlfn.CONCAT("DH ",#REF!," - Panel ",#REF!) -> #REF! | C53: DH 2_2 - Panel 41 | E53: =G53-F53 -> 13 | F53: =F37 -> 46324 | G53: =G37 -> 46337 | J53: =J37 -> 46352
A54: =+_xlfn.CONCAT("DH ",#REF!," - Panel ",#REF!) -> #REF! | B54: =+_xlfn.CONCAT("DH ",#REF!," - Panel ",#REF!) -> #REF! | C54: DH 2_2 - Panel 45 | E54: =G54-F54 -> 8 | F54: =F38 -> 46324 | G54: =G38 -> 46332 | J54: =J38 -> 46366
A55: =+_xlfn.CONCAT("DH ",#REF!," - Panel ",#REF!) -> #REF! | B55: =+_xlfn.CONCAT("DH ",#REF!," - Panel ",#REF!) -> #REF! | C55: DH 2_2 - Panel 47 | E55: =G55-F55 -> 13 | F55: =F39 -> 46324 | G55: =G39 -> 46337 | J55: =J39 -> 46366
C56: DH 1-1
C57: Panel 7- 72 No Cables | E57: =G57-F57 -> 11 | F57: =F28 -> 46296 | G57: =G65 -> 46307 | H57: 1
C58: Bring cables From ER Room to Panel location | E58: 1 | F58: =F57 -> 46296 | G58: =WORKDAY(F58,E58-1,0) -> 46296
C59: Pull in Primary Circuits | E59: 1 | F59: =F58 -> 46296 | G59: =WORKDAY(F59,E59-1,0) -> 46296
C60: Pull in Catcher circuits | E60: 2 | F60: =WORKDAY(G59,1,0) -> 46297 | G60: =WORKDAY(F60,E60-1,0) -> 46300
C61: Tie down of Primary circuits | E61: 2 | F61: =WORKDAY(G60,1,0) -> 46301 | G61: =WORKDAY(F61,E61-1,0) -> 46302
C62: Tie down of catcher circuits | E62: 3 | F62: =F61 -> 46301 | G62: =WORKDAY(F62,E62-1,0) -> 46303
C63: Testing of Cables | E63: 1 | F63: =WORKDAY(G62,1,0) -> 46304 | G63: =WORKDAY(F63,E63-1,0) -> 46304
C64: QC of Aisle | E64: 1 | F64: =WORKDAY(F63,0,0) -> 46304 | G64: =WORKDAY(F64,E64-1,0) -> 46304
C65: Upload Fit | E65: 1 | F65: =WORKDAY(G63,1,0) -> 46307 | G65: =WORKDAY(F65,E65-1,0) -> 46307
C66: Panel 9- 84 No Cables | E66: =G66-F66 -> 13 | F66: =F29 -> 46296 | G66: =G74 -> 46309
C67: Bring cables From ER Room to Panel location | E67: 1 | F67: =F66 -> 46296 | G67: =WORKDAY(F67,E67-1,0) -> 46296
C68: Pull in Primary Circuits | E68: 1 | F68: =F67 -> 46296 | G68: =WORKDAY(F68,E68-1,0) -> 46296
C69: Pull in Catcher circuits | E69: 2 | F69: =WORKDAY(G68,1,0) -> 46297 | G69: =WORKDAY(F69,E69-1,0) -> 46300
C70: Tie down of Primary circuits | E70: 2 | F70: =F63 -> 46304 | G70: =WORKDAY(F70,E70-1,0) -> 46307
C71: Tie down of catcher circuits | E71: 3 | F71: =F70 -> 46304 | G71: =WORKDAY(F71,E71-1,0) -> 46308
C72: Testing of Cables | E72: 1 | F72: =WORKDAY(G71,1,0) -> 46309 | G72: =WORKDAY(F72,E72-1,0) -> 46309
C73: QC of Aisle | E73: 1 | F73: =WORKDAY(F72,0,0) -> 46309 | G73: =WORKDAY(F73,E73-1,0) -> 46309
C74: Upload Fit | E74: 1 | F74: =WORKDAY(G72,0,0) -> 46309 | G74: =WORKDAY(F74,E74-1,0) -> 46309
B75: SiteFIT - Ensure DH 1-1 support bracket installed prior to cable pull U bracket to be ordered | C75: Panel 15- 64 No Cables | E75: =G75-F75 -> 11 | F75: =F30 -> 46296 | G75: =G83 -> 46307
C76: Bring cables From ER Room to Panel location | E76: 1 | F76: =F75 -> 46296 | G76: =WORKDAY(F76,E76-1,0) -> 46296
C77: Pull in Primary Circuits | E77: 1 | F77: =F76 -> 46296 | G77: =WORKDAY(F77,E77-1,0) -> 46296
C78: Pull in Catcher circuits | E78: 2 | F78: =WORKDAY(G77,1,0) -> 46297 | G78: =WORKDAY(F78,E78-1,0) -> 46300
C79: Tie down of Primary circuits | E79: 2 | F79: =WORKDAY(G78,1,0) -> 46301 | G79: =WORKDAY(F79,E79-1,0) -> 46302
C80: Tie down of catcher circuits | E80: 3 | F80: =F79 -> 46301 | G80: =WORKDAY(F80,E80-1,0) -> 46303
C81: Testing of Cables | E81: 1 | F81: =WORKDAY(G80,1,0) -> 46304 | G81: =WORKDAY(F81,E81-1,0) -> 46304
C82: QC of Aisle | E82: 1 | F82: =WORKDAY(F81,0,0) -> 46304 | G82: =WORKDAY(F82,E82-1,0) -> 46304
C83: Upload Fit | E83: 1 | F83: =WORKDAY(G81,1,0) -> 46307 | G83: =WORKDAY(F83,E83-1,0) -> 46307
C84: Panel 17- 92 No Cables | E84: =G84-F84 -> 13 | F84: =F31 -> 46296 | G84: =G92 -> 46309
C85: Bring cables From ER Room to Panel location | E85: 1 | F85: =F84 -> 46296 | G85: =WORKDAY(F85,E85-1,0) -> 46296
C86: Pull in Primary Circuits | E86: 1 | F86: =F85 -> 46296 | G86: =WORKDAY(F86,E86-1,0) -> 46296
C87: Pull in Catcher circuits | E87: 2 | F87: =WORKDAY(G86,1,0) -> 46297 | G87: =WORKDAY(F87,E87-1,0) -> 46300
C88: Tie down of Primary circuits | E88: 2 | F88: =F81 -> 46304 | G88: =WORKDAY(F88,E88-1,0) -> 46307
C89: Tie down of catcher circuits | E89: 3 | F89: =F88 -> 46304 | G89: =WORKDAY(F89,E89-1,0) -> 46308
C90: Testing of Cables | E90: 1 | F90: =WORKDAY(G89,1,0) -> 46309 | G90: =WORKDAY(F90,E90-1,0) -> 46309
C91: QC of Aisle | E91: 1 | F91: =WORKDAY(F90,0,0) -> 46309 | G91: =WORKDAY(F91,E91-1,0) -> 46309
C92: Upload Fit | E92: 1 | F92: =WORKDAY(G90,0,0) -> 46309 | G92: =WORKDAY(F92,E92-1,0) -> 46309
C93: Panel 19- 88 No Cables | E93: =G93-F93 -> 8 | F93: =F32 -> 46310 | G93: =G101 -> 46318 | H93: 2
C94: Bring cables From ER Room to Panel location | E94: 1 | F94: =F93 -> 46310 | G94: =WORKDAY(F94,E94-1,0) -> 46310
C95: Pull in Primary Circuits | E95: 1 | F95: =F94 -> 46310 | G95: =WORKDAY(F95,E95-1,0) -> 46310
C96: Pull in Catcher circuits | E96: 2 | F96: =WORKDAY(G95,1,0) -> 46311 | G96: =WORKDAY(F96,E96-1,0) -> 46314
C97: Tie down of Primary circuits | E97: 2 | F97: =WORKDAY(G96,1,0) -> 46315 | G97: =WORKDAY(F97,E97-1,0) -> 46316
C98: Tie down of catcher circuits | E98: 3 | F98: =F97 -> 46315 | G98: =WORKDAY(F98,E98-1,0) -> 46317
C99: Testing of Cables | E99: 1 | F99: =WORKDAY(G98,1,0) -> 46318 | G99: =WORKDAY(F99,E99-1,0) -> 46318
C100: QC of Aisle | E100: 1 | F100: =WORKDAY(F99,0,0) -> 46318 | G100: =WORKDAY(F100,E100-1,0) -> 46318
C101: Upload Fit | E101: 1 | F101: =WORKDAY(G99,0,0) -> 46318 | G101: =WORKDAY(F101,E101-1,0) -> 46318
C102: Panel 21- 80 No Cables | E102: =G102-F102 -> 13 | F102: =F33 -> 46310 | G102: =G110 -> 46323
C103: Bring cables From ER Room to Panel location | E103: 1 | F103: =F102 -> 46310 | G103: =WORKDAY(F103,E103-1,0) -> 46310
C104: Pull in Primary Circuits | E104: 1 | F104: =F103 -> 46310 | G104: =WORKDAY(F104,E104-1,0) -> 46310
...

Sheet Manloader
A1: Date | B1: No Of Men Required | C1: Acctual No Of Men | D1: Offset | E1: Working Week
A2: =Startdate -> 46266 | B2: =SUMIFS(Sheet1!$D:$D,Sheet1!$F:$F,"<="&A2,Sheet1!$G:$G,">="&A2) -> 14 | D2: =B2-C2 -> 14 | E2: WW36
A3: =WORKDAY(A2,1,0) -> 46267 | B3: =SUMIFS(Sheet1!$D:$D,Sheet1!$F:$F,"<="&A3,Sheet1!$G:$G,">="&A3) -> 14 | D3: =B3-C3 -> 14
A4: =WORKDAY(A3,1,0) -> 46268 | B4: =SUMIFS(Sheet1!$D:$D,Sheet1!$F:$F,"<="&A4,Sheet1!$G:$G,">="&A4) -> 14 | D4: =B4-C4 -> 14
A5: =WORKDAY(A4,1,0) -> 46269 | B5: =SUMIFS(Sheet1!$D:$D,Sheet1!$F:$F,"<="&A5,Sheet1!$G:$G,">="&A5) -> 14 | D5: =B5-C5 -> 14
A6: =WORKDAY(A5,1,0) -> 46272 | B6: =SUMIFS(Sheet1!$D:$D,Sheet1!$F:$F,"<="&A6,Sheet1!$G:$G,">="&A6) -> 14 | D6: =B6-C6 -> 14 | E6: WW37
A7: =WORKDAY(A6,1,0) -> 46273 | B7: =SUMIFS(Sheet1!$D:$D,Sheet1!$F:$F,"<="&A7,Sheet1!$G:$G,">="&A7) -> 14 | D7: =B7-C7 -> 14
A8: =WORKDAY(A7,1,0) -> 46274 | B8: =SUMIFS(Sheet1!$D:$D,Sheet1!$F:$F,"<="&A8,Sheet1!$G:$G,">="&A8) -> 14 | D8: =B8-C8 -> 14
A9: =WORKDAY(A8,1,0) -> 46275 | B9: =SUMIFS(Sheet1!$D:$D,Sheet1!$F:$F,"<="&A9,Sheet1!$G:$G,">="&A9) -> 14 | D9: =B9-C9 -> 14 | P9: 354
A10: =WORKDAY(A9,1,0) -> 46276 | B10: =SUMIFS(Sheet1!$D:$D,Sheet1!$F:$F,"<="&A10,Sheet1!$G:$G,">="&A10) -> 14 | D10: =B10-C10 -> 14 | E10: WW38 | P10: 8
A11: =WORKDAY(A10,1,0) -> 46279 | B11: =SUMIFS(Sheet1!$D:$D,Sheet1!$F:$F,"<="&A11,Sheet1!$G:$G,">="&A11) -> 14 | D11: =B11-C11 -> 14 | P11: =P9*P10 -> 2832
A12: =WORKDAY(A11,1,0) -> 46280 | B12: =SUMIFS(Sheet1!$D:$D,Sheet1!$F:$F,"<="&A12,Sheet1!$G:$G,">="&A12) -> 14 | D12: =B12-C12 -> 14
A13: =WORKDAY(A12,1,0) -> 46281 | B13: =SUMIFS(Sheet1!$D:$D,Sheet1!$F:$F,"<="&A13,Sheet1!$G:$G,">="&A13) -> 14 | D13: =B13-C13 -> 14
A14: =WORKDAY(A13,1,0) -> 46282 | B14: =SUMIFS(Sheet1!$D:$D,Sheet1!$F:$F,"<="&A14,Sheet1!$G:$G,">="&A14) -> 14 | D14: =B14-C14 -> 14 | E14: WW39
A15: =WORKDAY(A14,1,0) -> 46283 | B15: =SUMIFS(Sheet1!$D:$D,Sheet1!$F:$F,"<="&A15,Sheet1!$G:$G,">="&A15) -> 14 | D15: =B15-C15 -> 14
A16: =WORKDAY(A15,1,0) -> 46286 | B16: =SUMIFS(Sheet1!$D:$D,Sheet1!$F:$F,"<="&A16,Sheet1!$G:$G,">="&A16) -> 14 | D16: =B16-C16 -> 14
A17: =WORKDAY(A16,1,0) -> 46287 | B17: =SUMIFS(Sheet1!$D:$D,Sheet1!$F:$F,"<="&A17,Sheet1!$G:$G,">="&A17) -> 14 | D17: =B17-C17 -> 14
A18: =WORKDAY(A17,1,0) -> 46288 | B18: =SUMIFS(Sheet1!$D:$D,Sheet1!$F:$F,"<="&A18,Sheet1!$G:$G,">="&A18) -> 14 | D18: =B18-C18 -> 14 | E18: WW40
A19: =WORKDAY(A18,1,0) -> 46289 | B19: =SUMIFS(Sheet1!$D:$D,Sheet1!$F:$F,"<="&A19,Sheet1!$G:$G,">="&A19) -> 14 | D19: =B19-C19 -> 14
A20: =WORKDAY(A19,1,0) -> 46290 | B20: =SUMIFS(Sheet1!$D:$D,Sheet1!$F:$F,"<="&A20,Sheet1!$G:$G,">="&A20) -> 14 | D20: =B20-C20 -> 14
A21: =WORKDAY(A20,1,0) -> 46293 | B21: =SUMIFS(Sheet1!$D:$D,Sheet1!$F:$F,"<="&A21,Sheet1!$G:$G,">="&A21) -> 14 | D21: =B21-C21 -> 14
A22: =WORKDAY(A21,1,0) -> 46294 | B22: =SUMIFS(Sheet1!$D:$D,Sheet1!$F:$F,"<="&A22,Sheet1!$G:$G,">="&A22) -> 6 | D22: =B22-C22 -> 6 | E22: WW41
A23: =WORKDAY(A22,1,0) -> 46295 | B23: =SUMIFS(Sheet1!$D:$D,Sheet1!$F:$F,"<="&A23,Sheet1!$G:$G,">="&A23) -> 6 | D23: =B23-C23 -> 6
A24: =WORKDAY(A23,1,0) -> 46296 | B24: =SUMIFS(Sheet1!$D:$D,Sheet1!$F:$F,"<="&A24,Sheet1!$G:$G,">="&A24) -> 34 | D24: =B24-C24 -> 34
A25: =WORKDAY(A24,1,0) -> 46297 | B25: =SUMIFS(Sheet1!$D:$D,Sheet1!$F:$F,"<="&A25,Sheet1!$G:$G,">="&A25) -> 28 | D25: =B25-C25 -> 28
A26: =WORKDAY(A25,1,0) -> 46300 | B26: =SUMIFS(Sheet1!$D:$D,Sheet1!$F:$F,"<="&A26,Sheet1!$G:$G,">="&A26) -> 28 | D26: =B26-C26 -> 28 | E26: WW42
A27: =WORKDAY(A26,1,0) -> 46301 | B27: =SUMIFS(Sheet1!$D:$D,Sheet1!$F:$F,"<="&A27,Sheet1!$G:$G,">="&A27) -> 28 | D27: =B27-C27 -> 28
A28: =WORKDAY(A27,1,0) -> 46302 | B28: =SUMIFS(Sheet1!$D:$D,Sheet1!$F:$F,"<="&A28,Sheet1!$G:$G,">="&A28) -> 28 | D28: =B28-C28 -> 28
A29: =WORKDAY(A28,1,0) -> 46303 | B29: =SUMIFS(Sheet1!$D:$D,Sheet1!$F:$F,"<="&A29,Sheet1!$G:$G,">="&A29) -> 28 | D29: =B29-C29 -> 28
A30: =WORKDAY(A29,1,0) -> 46304 | B30: =SUMIFS(Sheet1!$D:$D,Sheet1!$F:$F,"<="&A30,Sheet1!$G:$G,">="&A30) -> 28 | D30: =B30-C30 -> 28 | E30: WW43
A31: =WORKDAY(A30,1,0) -> 46307 | B31: =SUMIFS(Sheet1!$D:$D,Sheet1!$F:$F,"<="&A31,Sheet1!$G:$G,">="&A31) -> 28 | D31: =B31-C31 -> 28
A32: =WORKDAY(A31,1,0) -> 46308 | B32: =SUMIFS(Sheet1!$D:$D,Sheet1!$F:$F,"<="&A32,Sheet1!$G:$G,">="&A32) -> 28 | D32: =B32-C32 -> 28
A33: =WORKDAY(A32,1,0) -> 46309 | B33: =SUMIFS(Sheet1!$D:$D,Sheet1!$F:$F,"<="&A33,Sheet1!$G:$G,">="&A33) -> 28 | D33: =B33-C33 -> 28
A34: =WORKDAY(A33,1,0) -> 46310 | B34: =SUMIFS(Sheet1!$D:$D,Sheet1!$F:$F,"<="&A34,Sheet1!$G:$G,">="&A34) -> 28 | D34: =B34-C34 -> 28 | E34: WW44
A35: =WORKDAY(A34,1,0) -> 46311 | B35: =SUMIFS(Sheet1!$D:$D,Sheet1!$F:$F,"<="&A35,Sheet1!$G:$G,">="&A35) -> 28 | D35: =B35-C35 -> 28
A36: =WORKDAY(A35,1,0) -> 46314 | B36: =SUMIFS(Sheet1!$D:$D,Sheet1!$F:$F,"<="&A36,Sheet1!$G:$G,">="&A36) -> 24 | D36: =B36-C36 -> 24
A37: =WORKDAY(A36,1,0) -> 46315 | B37: =SUMIFS(Sheet1!$D:$D,Sheet1!$F:$F,"<="&A37,Sheet1!$G:$G,">="&A37) -> 24 | D37: =B37-C37 -> 24
A38: =WORKDAY(A37,1,0) -> 46316 | B38: =SUMIFS(Sheet1!$D:$D,Sheet1!$F:$F,"<="&A38,Sheet1!$G:$G,">="&A38) -> 24 | D38: =B38-C38 -> 24 | E38: WW45
A39: =WORKDAY(A38,1,0) -> 46317 | B39: =SUMIFS(Sheet1!$D:$D,Sheet1!$F:$F,"<="&A39,Sheet1!$G:$G,">="&A39) -> 24 | D39: =B39-C39 -> 24
A40: =WORKDAY(A39,1,0) -> 46318 | B40: =SUMIFS(Sheet1!$D:$D,Sheet1!$F:$F,"<="&A40,Sheet1!$G:$G,">="&A40) -> 24 | D40: =B40-C40 -> 24
A41: =WORKDAY(A40,1,0) -> 46321 | B41: =SUMIFS(Sheet1!$D:$D,Sheet1!$F:$F,"<="&A41,Sheet1!$G:$G,">="&A41) -> 24 | D41: =B41-C41 -> 24
A42: =WORKDAY(A41,1,0) -> 46322 | B42: =SUMIFS(Sheet1!$D:$D,Sheet1!$F:$F,"<="&A42,Sheet1!$G:$G,">="&A42) -> 24 | D42: =B42-C42 -> 24 | E42: WW46
A43: =WORKDAY(A42,1,0) -> 46323 | B43: =SUMIFS(Sheet1!$D:$D,Sheet1!$F:$F,"<="&A43,Sheet1!$G:$G,">="&A43) -> 24 | D43: =B43-C43 -> 24
A44: =WORKDAY(A43,1,0) -> 46324 | B44: =SUMIFS(Sheet1!$D:$D,Sheet1!$F:$F,"<="&A44,Sheet1!$G:$G,">="&A44) -> 24 | D44: =B44-C44 -> 24
A45: =WORKDAY(A44,1,0) -> 46325 | B45: =SUMIFS(Sheet1!$D:$D,Sheet1!$F:$F,"<="&A45,Sheet1!$G:$G,">="&A45) -> 24 | D45: =B45-C45 -> 24
A46: =WORKDAY(A45,1,0) -> 46328 | B46: =SUMIFS(Sheet1!$D:$D,Sheet1!$F:$F,"<="&A46,Sheet1!$G:$G,">="&A46) -> 24 | D46: =B46-C46 -> 24 | E46: WW47
A47: =WORKDAY(A46,1,0) -> 46329 | B47: =SUMIFS(Sheet1!$D:$D,Sheet1!$F:$F,"<="&A47,Sheet1!$G:$G,">="&A47) -> 24 | D47: =B47-C47 -> 24
A48: =WORKDAY(A47,1,0) -> 46330 | B48: =SUMIFS(Sheet1!$D:$D,Sheet1!$F:$F,"<="&A48,Sheet1!$G:$G,">="&A48) -> 24 | D48: =B48-C48 -> 24
A49: =WORKDAY(A48,1,0) -> 46331 | B49: =SUMIFS(Sheet1!$D:$D,Sheet1!$F:$F,"<="&A49,Sheet1!$G:$G,">="&A49) -> 24 | D49: =B49-C49 -> 24
A50: =WORKDAY(A49,1,0) -> 46332 | B50: =SUMIFS(Sheet1!$D:$D,Sheet1!$F:$F,"<="&A50,Sheet1!$G:$G,">="&A50) -> 24 | D50: =B50-C50 -> 24 | E50: WW48
A51: =WORKDAY(A50,1,0) -> 46335 | B51: =SUMIFS(Sheet1!$D:$D,Sheet1!$F:$F,"<="&A51,Sheet1!$G:$G,">="&A51) -> 24 | D51: =B51-C51 -> 24
A52: =WORKDAY(A51,1,0) -> 46336 | B52: =SUMIFS(Sheet1!$D:$D,Sheet1!$F:$F,"<="&A52,Sheet1!$G:$G,">="&A52) -> 24 | D52: =B52-C52 -> 24
A53: =WORKDAY(A52,1,0) -> 46337 | B53: =SUMIFS(Sheet1!$D:$D,Sheet1!$F:$F,"<="&A53,Sheet1!$G:$G,">="&A53) -> 24 | D53: =B53-C53 -> 24
A54: =WORKDAY(A53,1,0) -> 46338 | B54: =SUMIFS(Sheet1!$D:$D,Sheet1!$F:$F,"<="&A54,Sheet1!$G:$G,">="&A54) -> 12 | D54: =B54-C54 -> 12 | E54: WW49
A55: =WORKDAY(A54,1,0) -> 46339 | B55: =SUMIFS(Sheet1!$D:$D,Sheet1!$F:$F,"<="&A55,Sheet1!$G:$G,">="&A55) -> 12 | D55: =B55-C55 -> 12
A56: =WORKDAY(A55,1,0) -> 46342 | B56: =SUMIFS(Sheet1!$D:$D,Sheet1!$F:$F,"<="&A56,Sheet1!$G:$G,">="&A56) -> 12 | D56: =B56-C56 -> 12
A57: =WORKDAY(A56,1,0) -> 46343 | B57: =SUMIFS(Sheet1!$D:$D,Sheet1!$F:$F,"<="&A57,Sheet1!$G:$G,">="&A57) -> 12 | D57: =B57-C57 -> 12
A58: =WORKDAY(A57,1,0) -> 46344 | B58: =SUMIFS(Sheet1!$D:$D,Sheet1!$F:$F,"<="&A58,Sheet1!$G:$G,">="&A58) -> 12 | D58: =B58-C58 -> 12 | E58: WW50
A59: =WORKDAY(A58,1,0) -> 46345 | B59: =SUMIFS(Sheet1!$D:$D,Sheet1!$F:$F,"<="&A59,Sheet1!$G:$G,">="&A59) -> 12 | D59: =B59-C59 -> 12
A60: =WORKDAY(A59,1,0) -> 46346 | B60: =SUMIFS(Sheet1!$D:$D,Sheet1!$F:$F,"<="&A60,Sheet1!$G:$G,">="&A60) -> 12 | D60: =B60-C60 -> 12
A61: =WORKDAY(A60,1,0) -> 46349 | B61: =SUMIFS(Sheet1!$D:$D,Sheet1!$F:$F,"<="&A61,Sheet1!$G:$G,">="&A61) -> 0 | D61: =B61-C61 -> 0
